symbol,price,1h,24h,7d,24h_volume,mkt_cap,target_liquidity_volume
10SET,-0.1424605990195109,0.2336222484705985,0.1060450102188113,1.7941807668884615,-0.1036531044602642,-0.0911647862223407,-0.1039115739197676
1INCH,-0.1428534095679059,0.4199950534302893,1.477408317760953,0.609464108616916,-0.0610995496948512,-0.0825685962567296,-0.0815111526393677
AAVE,-0.1131874840407851,1.0163880293012997,1.8160165418454324,0.4608280703097848,-0.0024225960937358,-0.0497965851974074,0.0426640341168808
ACA,-0.1429407008008826,0.9418389073174236,-0.0293982794149803,-0.0244248782811434,-0.0999502083283947,-0.0950771485778184,-0.1015580175448712
ACH,-0.1431718992762642,0.3081713704544748,0.1906970662399313,-0.1162294901767244,-0.1013728649088466,-0.0944035490803095,-0.1022882254572287
ADA,-0.1430008966169152,0.2336222484705985,-0.1309807466403241,0.0192916035738947,0.2398482762989941,0.5938267789742367,0.1795753899310693
ADS,-0.1424256825263203,0.1590731264867184,0.6647485799582024,1.3351577074105565,-0.1043184183497202,-0.09659601820374,-0.1043311031156626
AERGO,-0.1431334963643684,0.0472494435109077,-0.3510760922952358,-0.7151452915907531,-0.101514700491887,-0.0967225106376093,-0.1021261120098901
AETHC,0.3361332263024945,0.4199950534302893,-0.3680065034994597,-0.19054750933029,-0.1042874254013807,-0.0957002834152542,-0.1047245737172337
AGEUR,-0.1429407008008826,-0.2509470444245975,-0.3510760922952358,-0.0550264155796704,-0.1033803738368448,-0.0957313802906971,-0.1039898160354203
AGIX,-0.1431623895171606,0.60636785838998,-0.4526585595205796,-0.2604938802983518,-0.1044473995291426,-0.096830670222098,-0.1043228941745482
AGLD,-0.1429407008008826,-0.4373198493842882,2.797980391690421,0.3253069765591652,-0.0840155647544835,-0.0965372030178757,-0.0842778050275345
AIOZ,-0.1431289452177091,1.3891336392206812,4.457160689704371,0.950452667086217,-0.0997905908747202,-0.0957709364275991,-0.1027709363504269
AKT,-0.142942883081707,0.2336222484705985,-0.4187977371121317,-0.0200532300956395,-0.1041256262187105,-0.0949582664307708,-0.1042225560266886
ALBT,-0.1431322974192835,0.5690932973980419,0.86791351440889,0.0979812709129646,-0.1045466295950052,-0.0965230790331847,-0.1046242928402133
ALCX,-0.1224185319280678,0.6809169803738527,-1.1129445964853146,-0.6495705688081952,-0.1016515839597023,-0.0958381673701342,-0.1022323802269258
ALGO,-0.1430212249992508,0.5690932973980419,-0.1648415690487738,-0.1468310274752514,-0.049821164902811,0.0281312509667593,-0.054619860974008
ALICE,-0.1418561072311475,0.830015224341609,0.5631661127328587,-0.1118578419912206,-0.0687684427441244,-0.0960098133553386,-0.0685273995685886
ALPHA,-0.143119801897511,0.3081713704544748,0.5123748791201866,-0.0113099337246318,-0.1020778711146266,-0.0955035615226103,-0.1026856281731288
ALPINE,-0.1412690736893794,-0.2509470444245975,0.4277228230990668,7.407377037075417,-0.0491144376720647,-0.0961466913869286,-0.0226023554443601
ALUSD,-0.142963140976372,-0.40004528839235,-0.4187977371121317,-0.1031145456202128,-0.1036627948312516,-0.093280317232966,-0.1047103310394747
AMP,-0.1431752881032556,0.3081713704544748,-0.2833544474783415,-0.0899996010637013,-0.1018315789579332,-0.0672411014951806,-0.1023137939871562
AMPL,-0.1429363362392338,0.3454459314464129,2.069972709908792,0.9242227779731936,-0.1011929764778735,-0.096368624435876,-0.1042694390955991
ANC,-0.1425042446359992,1.873702932115877,1.0880088600638016,-0.8900112190109074,-0.0657868521713749,-0.0775339584753777,-0.0765401003399776
ANKR,-0.143164999593027,0.4945441754141655,-0.1309807466403241,-0.3829000294924599,-0.089977068371856,-0.0833217348168539,-0.0970495624749518
ANT,-0.1421725379506879,0.6436424193819181,0.4446532343032908,0.1198395118404838,-0.0933786278210574,-0.0941348311293759,-0.0973884829646286
API3,-0.1421550797040926,0.6809169803738527,-0.5373106155416995,-0.5446510123561021,-0.0939850194412597,-0.0926993985845755,-0.0936383981985482
AR,-0.1360839744505653,-0.4745944103762264,0.850983103204666,-0.0943712492492051,-0.0864077405236524,-0.0556989277426488,-0.0905466979128504
ARDR,-0.1431386472017983,0.1590731264867184,-0.0632591018234283,-0.1512026756607553,-0.1024886396844876,-0.0937495396784769,-0.1029427010215971
ARK,-0.142998667198825,-0.1018488004568485,-0.1140503354361001,-0.2255206948143205,-0.1037654220003122,-0.0951577046634945,-0.1039675699391156
ARPA,-0.1431657996434351,0.6809169803738527,0.0383233654019155,-0.1380877311042437,-0.0993835840565653,-0.0970154645694992,-0.0998202024359185
ARRR,-0.1428665032528524,0.4945441754141655,0.0721841878103617,1.260839688256991,-0.1042432583476497,-0.0916830187056126,-0.1043322637563412
ASD,-0.1431348622539364,-0.139123361448783,-0.6050322603585953,-0.2342639911853286,-0.1039520248934746,-0.094707029592789,-0.1040385752680261
ASTR,-0.143158224006618,-0.0272996784729685,-0.2833544474783415,0.0367781963159105,-0.1018652781346632,-0.0933766570083744,-0.1015299686076472
ASTRO,-0.1427399309650363,0.9045643463254854,-0.4187977371121317,1.6280581358393154,-0.102590440051116,-0.0922082178205228,-0.1015869197451051
ATA,-0.1431004797648635,0.7927406633496709,0.2922795334652733,0.0498931408724221,-0.1009494090357276,-0.0965782709593206,-0.1033904672785488
ATOLO,-0.1431729689156047,1.3518590782287432,-0.0124678682107563,-0.1730609165882746,-0.1046420290391653,-0.0968551021061153,-0.1046406654132338
ATOM,-0.1368957829172483,0.2708968094625367,0.4615836455075147,0.0498931408724221,0.1797083198986093,0.1207495845462251,0.0781341034902232
AUCTION,-0.1403219638115825,0.2336222484705985,-0.0971199242318762,0.0149199553883912,-0.1041310042404932,-0.0962946550119646,-0.1041674379185597
AUDIO,-0.143020290983058,0.6436424193819181,0.0383233654019155,-0.0156815819101357,-0.1018949984379612,-0.0869943319473075,-0.1023785821677472
AURORA,-0.141685889326843,-0.40004528839235,-0.7404755499923872,-0.3610417885649405,-0.1042935000975496,-0.0946848600892744,-0.1042912821211872
AURY,-0.1414305624703862,-0.139123361448783,-0.3680065034994597,-0.1380877311042437,-0.1042084782744476,-0.0967689595742628,-0.1042406383879917
AVA,-0.142890508341921,0.3081713704544748,-0.0463286906192043,0.1198395118404838,-0.1033291066489437,-0.096967304979331,-0.103460179301419
AVAX,-0.1270995242964417,0.9045643463254854,0.1399058326272593,-0.0550264155796704,0.2094441892658044,0.4158026254413023,0.3979531875357758
AXS,-0.1321689626515617,0.9791134683093616,0.6478181687539785,0.2859621428896304,-8.471456668317936e-06,-0.000568878488031,-0.0214821555902043
BABYDOGE,-0.1431807516909434,0.60636785838998,-0.0463286906192043,-0.2736088248548634,-0.1009013635137701,-0.0868692159902089,-0.1011988224531591
BADGER,-0.1415833221280954,0.5318187364061038,0.0552537766061394,-0.129344434733236,-0.1032665803040287,-0.0968658168304475,-0.1033506970303866
BAKE,-0.143061069082543,0.6436424193819181,0.1568362438314833,-0.1249727865477321,-0.1007700976628308,-0.0960157116209013,-0.0991554750288541
BAL,-0.1406820401476113,0.6809169803738527,-0.0293982794149803,-0.0593980637651742,-0.0959099260578766,-0.0955339629527079,-0.1015378426230942
BANANA,-0.1390977042690848,0.2336222484705985,-2.7890553057034877,2.992012369716519,-0.1045624138732658,-0.0965808301929311,-0.104565650038156
BAND,-0.1423907660331296,0.6436424193819181,0.4446532343032908,0.084866326356453,-0.0954077902009164,-0.0948353405741519,-0.099429780962826
BAT,-0.1430012361798115,0.4199950534302893,0.5293052903244106,0.9941691489412556,0.0129744341506796,-0.0665912690790753,-0.029519728942082
BCD,-0.1430682003398211,-0.0645742394649067,0.0213929541976915,-0.1730609165882746,-0.1044635176456495,-0.0962342741271732,-0.0997748337819846
BCH,-0.0786790773642836,0.3081713704544748,-0.1479111578445481,0.0673797336144376,0.3949180005193474,0.0488659865023666,0.3275129543455841
BDX,-0.1431586307837637,0.3081713704544748,-0.1817719802529961,1.820410656001485,-0.1046994735032827,-0.0947731127348709,-0.1046638651777538
BETA,-0.143096190055447,0.3454459314464129,-0.19870239145722,-0.4178732149764906,-0.0980182947333399,-0.0951201792585644,-0.098889661852877
BEZOGE,-0.1431807516909026,0.0845240045028459,-0.4865193819290275,-0.2823521212258706,-0.1046934278050072,-0.0952789258899339,-0.1046981878091894
BFC,-0.1431481966444579,0.121798565494784,-0.1140503354361001,-0.0593980637651742,-0.1042666121634778,-0.0946371388085327,-0.1040742644251826
BICO,-0.1428948729035699,0.0845240045028459,0.901774336817338,0.0498931408724221,-0.0941092199555009,-0.0947937093061955,-0.0937306067870263
BIFI,0.1745004147612461,0.0845240045028459,0.3938620006906189,-0.3610417885649405,-0.104243819094411,-0.0958027286431763,-0.1042528330895377
BIT,-0.1429363362392338,0.5690932973980419,-0.0801895130276522,0.054264789057926,-0.0849816545798463,-0.0726447212189434,-0.0894152022918405
BNB,-0.0595055580409583,0.3081713704544748,0.0721841878103617,-0.0856279528781974,0.4011982297685681,1.5857551189089787,0.4118911858799332
BNT,-0.142681009382777,0.2708968094625367,0.1568362438314833,0.1679276418810263,-0.0952952102299341,-0.0834251064021746,-0.0982058219343507
BOBA,-0.142916695711814,-0.1018488004568485,0.6308877575497545,0.4914296076083119,-0.1031737167256361,-0.0937002253439232,-0.1020051367863291
BOO,-0.1403808853938418,0.6809169803738527,-0.8759188396261771,-0.5796241978401334,-0.1029043114356288,-0.0957617915317294,-0.1036626541914692
BSV,-0.1263531842544911,0.121798565494784,-0.1479111578445481,-0.1861758611447861,-0.0557486260808918,-0.0603454503914012,-0.0746960862464592
BSW,-0.1431026923793914,0.3454459314464129,0.3092099446694991,0.548261034019862,-0.1028865292025211,-0.0966700939697669,-0.1029746679366772
BTC,8.773500853710614,0.4572696144222273,0.1060450102188113,0.1373261045824993,12.723457643211464,20.180439266715474,7.317291483551171
BTCST,-0.1398244037836155,0.830015224341609,-0.0293982794149803,-0.4528464004605215,-0.1008581033691515,-0.0958629086799852,-0.1036205086533735
BTG,-0.1366906485197531,0.3081713704544748,0.0721841878103617,0.0367781963159105,-0.1014467819887163,-0.0851669656068709,-0.1025231373907038
BTRFLY,-0.1182438287109586,-0.0272996784729685,-0.3341456810910118,-0.994930775463,-0.1045514874670772,-0.0969685757978583,-0.1039661468675028
BTSE,-0.1413432712374096,-0.139123361448783,-0.19870239145722,0.4520847739387771,-0.1041658673201648,-0.0943022841630693,-0.104695969832827
BTT,-0.1431807512960903,-0.1018488004568485,-0.0293982794149803,-0.0899996010637013,-0.0729237698065536,-0.0546945866959656,-0.0786291480816209
BUSD,-0.1429625236091268,-0.4373198493842882,-0.3680065034994597,-0.0943712492492051,1.3594467116107776,0.3740220668849364,1.2413181887599438
BZRX,-0.1431419151673329,0.4572696144222273,6.827418258295727,1.9952765834216395,-0.1047620750071124,-0.0968236082692067,-0.1047620652783192
BZZ,-0.1429188779926384,0.121798565494784,0.4277228230990668,-0.1380877311042437,-0.10421817408254,-0.0967360228460791,-0.1043449920191236
C20,-0.1425391611291899,-0.139123361448783,-1.1975966525064343,-0.1512026756607553,-0.10474283462944,-0.0961714942715736,-0.1046735787470558
C98,-0.1428883260610966,0.5318187364061038,0.1906970662399313,0.1854142346230418,-0.0858362870151706,-0.0922701490960266,-0.0928566197078312
CAKE,-0.1419652212723683,0.60636785838998,-0.232563213865668,-0.4003866222344753,-0.0670239740685582,-0.0585133605198958,0.058181944254283
CBAT,-0.1431777209786374,-6.466105600944444e-17,0.0,0.0,0.0,-0.0962344479885096,0.0
CDAI,-0.1431759734152543,-0.40004528839235,-0.4018673259079077,-0.1031145456202128,-0.1047620470096464,-0.0476890786107809,-0.1047620130639876
CEL,-0.1424867863894039,-0.0272996784729685,0.1399058326272593,0.3253069765591652,-0.1033384167850555,-0.0633693924179152,-0.1034178336778598
CELO,-0.1426308169238154,0.4572696144222273,0.2245578886483791,-0.4353598077185061,-0.0878635047238113,-0.070519779391403,0.1658224789776767
CELR,-0.1431726622144571,0.7181915413657909,0.0721841878103617,-0.1162294901767244,-0.0917629021797149,-0.0932917649103993,-0.093972495613625
CET,-0.1431674065328705,-0.1763979224407211,0.1906970662399313,0.2116441237360649,-0.104449392771832,-0.0928130012914251,-0.1045715369729659
CETH,-0.1314597213836263,-0.40004528839235,-0.2494936250698919,0.0717513817999414,-0.1047616864752145,-0.0148424583651745,-0.104760373860202
CFX,-0.1431553868233182,0.3827204924383511,-0.2833544474783415,-0.4178732149764906,-0.1029650689090536,-0.0940299783033356,-0.1027725058614008
CHR,-0.1430979603216517,0.7181915413657909,0.3600011782821709,0.0324065481304067,-0.0835908094132718,-0.0931575822555782,-0.0836427580516649
CHSB,-0.143087288095508,0.4572696144222273,0.0383233654019155,-0.3391835476374212,-0.1043766356076936,-0.0881516567138728,-0.1045020330099799
CHZ,-0.1431374899382771,0.60636785838998,0.0044625429934675,-0.0156815819101357,-0.065104461785039,-0.071174595394104,-0.0655755575720831
CKB,-0.1431784483289654,0.1590731264867184,-0.0632591018234283,-0.1686892684027707,-0.1025283504869685,-0.0904511990646191,-0.1026285885920964
CLV,-0.14311402867359,0.3827204924383511,-0.232563213865668,-0.1730609165882746,-0.1017859377238024,-0.0966815800755531,-0.1011080749960287
COMP,-0.1192673184176101,0.60636785838998,0.3600011782821709,0.1242111600259877,-0.0899889045869463,-0.0796765388116696,-0.0847324354482997
CORE,1.3338742015066414,0.2336222484705985,0.1229754214230353,-0.0856279528781974,-0.104654965361832,-0.0969727949469324,-0.1047466151681561
COTI,-0.1431367754595352,0.2708968094625367,0.4107924118948429,-0.068141360136182,-0.0991137938195246,-0.0932276988491496,-0.1003535026912623
COVAL,-0.1431724016848937,-0.40004528839235,0.1906970662399313,-0.2692371766693595,-0.1045441651365499,-0.096959796010795,-0.10462913041376
CQT,-0.1431134798299626,0.4572696144222273,-1.0621533628726427,-0.7457468288892801,-0.1031437568272448,-0.0967214618934031,-0.1040623100436772
CRA,-0.1429825907724477,1.3891336392206812,1.392756261739833,0.0324065481304067,-0.1038439827303173,-0.0967179487896924,-0.1038946746725104
CRO,-0.1430931167493619,0.3081713704544748,0.3261403558737229,0.0630080854289337,-0.0687925581171248,0.1671085747080976,-0.0812289610907915
CRTS,-0.1431801074437097,-0.6982417763278552,-1.0282925404641945,-0.6714288097357145,-0.0998559524886509,-0.0934178242690941,-0.0987748363575338
CRV,-0.1427399309650363,0.60636785838998,-0.0293982794149803,-0.129344434733236,-0.0500552435093278,-0.0779642249606845,-0.0456970700213408
CSPR,-0.1431669142813225,0.4945441754141655,1.3081042057187116,-0.0200532300956395,-0.1007071356245693,-0.0918683382405028,-0.1010063268256082
CTC,-0.1429319716775849,0.1963476874786603,-0.1479111578445481,-0.0025666373536241,-0.1036095507119761,-0.0926361056670656,-0.1036309352083766
CTK,-0.1429232425542873,0.2336222484705985,0.2753491222610511,0.0717513817999414,-0.1018997961394047,-0.0965939164016728,-0.1031166851190243
CTSI,-0.1431127461471495,0.3827204924383511,-0.5711714379501475,-0.0156815819101357,-0.0986233789110288,-0.0945173750977106,-0.0985265255849943
CUBE,-0.1418932060051626,0.5318187364061038,0.5293052903244106,0.395253347527227,-0.1046812128049359,-0.0967644554872376,-0.1046245958681981
CUNI,-0.1431419751800556,-0.3254961664084738,-0.2664240362741159,-0.1031145456202128,-0.104465298116297,-0.0964876278650147,-0.104465298116297
CUSD,-0.1429626964457681,-0.2509470444245975,-0.3172152698867878,-0.098742897434709,-0.1044826395814268,-0.0965930756598036,-0.1037143269874025
CUSDC,-0.1431758343565972,-0.40004528839235,-0.3849369147036837,-0.098742897434709,-0.1047620658800255,-0.0343557365795539,-0.1047616577745496
CUSDT,-0.1431760012143968,-0.3627707274004119,-0.4018673259079077,-0.1031145456202128,-0.104759140837157,-0.0783790842541664,-0.1047601526497731
CVC,-0.143122210699085,0.5318187364061038,0.5462357015286329,0.0367781963159105,-0.0993216931279868,-0.0940564835561214,-0.0823558986054512
CVX,-0.1391893600637103,1.053662590293238,0.5123748791201866,0.5395177376488542,-0.0883587046471723,-0.0730165018554196,-0.096707027760351
CVXCRV,-0.1427552069308072,1.053662590293238,-0.0463286906192043,-0.0725130083216863,-0.1047269562892631,-0.089191769612147,-0.1046591243846759
DAG,-0.1431475557085798,0.121798565494784,-0.6219626715628193,0.9854258525702478,-0.104392462295373,-0.0887135550898835,-0.1044266402998159
DAI,-0.1429626482173618,-0.3627707274004119,-0.4187977371121317,-0.1031145456202128,0.0080080041154786,0.1478217986764509,-0.020138939463345
DAO,-0.1427028321910212,0.0845240045028459,-0.5711714379501475,-0.2867237694113749,-0.1034719136614091,-0.093614044015479,-0.1038121426810203
DASH,-0.1218729617219636,0.2336222484705985,-0.3172152698867878,0.0280348999449028,-0.0157931948348921,-0.0715377376998356,-0.0448052956344066
DAWN,-0.1428097639514176,0.2336222484705985,-0.0124678682107563,0.0411498445014144,-0.1038856070312812,-0.0955458623802852,-0.1032891747375265
DCR,-0.1307701206431106,0.3827204924383511,2.0191814762961195,0.2815904947041266,-0.0956883672917841,-0.0780703573114704,-0.1008742392468681
DENT,-0.143180238568929,0.4945441754141655,-0.1140503354361001,-0.068141360136182,-0.097881400028841,-0.0928872920826297,-0.0991921116921735
DEP,-0.1431747271949075,-0.2136724834326593,-0.5542410267459235,-0.6845437542922261,-0.1028436743034611,-0.095384057288654,-0.1029050117347515
DERO,-0.1408107947162519,0.9045643463254854,-0.1479111578445481,-0.7195169397762569,-0.1044682087798352,-0.0956115285970959,-0.1045560075136925
DESO,-0.1357675437310249,-0.1763979224407211,1.477408317760953,0.736241905996528,-0.1044835591771175,-0.0894612414268871,-0.1045207087406744
DG,-0.1431139099575131,-0.1763979224407211,-0.3680065034994597,-0.0899996010637013,-0.1044522534140042,-0.0957126951682641,-0.1042881304126611
DGB,-0.1431764595532325,0.7554661023577327,-0.0971199242318762,0.1548126973245147,-0.0990736784964324,-0.0909562277657494,-0.1003689074595945
DIVI,-0.143167092067107,-0.4745944103762264,0.5631661127328587,-0.2823521212258706,-0.1046776703497979,-0.094227664745006,-0.1046885380352525
DOCK,-0.1431734455141134,0.5318187364061038,-0.4357281483163556,-0.1031145456202128,-0.1035873510123006,-0.0969219337988434,-0.1038915896591389
DODO,-0.1430952719699041,0.8672897853335473,0.6816789911624264,-0.1031145456202128,-0.085241114679879,-0.0958422045566175,-0.0957982323350078
DOGE,-0.1431555114315532,0.1963476874786603,-0.0124678682107563,-0.1512026756607553,0.0590179067584916,0.3039800184526581,0.0271792511727635
DOME,-0.1431715144444058,-0.5118689713681646,1.1218696824722496,-0.409129918605483,-0.0885342887033613,-0.0892097474792891,-0.0832090771589011
DOT,-0.1391326207622754,0.7927406633496709,0.1906970662399313,0.3121920320026536,0.1715149637019699,0.431890525588174,0.1363595319824703
DPI,-0.1092746545226059,0.7181915413657909,0.3092099446694991,0.1329544563969955,-0.1046869634496473,-0.0968612471180012,-0.1046661531115337
DPX,0.1025746210692955,0.9045643463254854,-0.3002848586825639,0.0324065481304067,-0.1030840733632924,-0.0935012526966027,-0.1036462359467667
DUSK,-0.1431097662426837,0.4199950534302893,-1.1806662413022102,-0.2692371766693595,-0.0946833140846397,-0.0953707982443843,-0.1008713985407475
DVI,-0.1431046544680806,0.0472494435109077,0.3600011782821709,-0.8419230889703646,-0.1044380361094019,-0.0965142426688544,-0.1038782223552833
DYDX,-0.1421681733890391,0.7181915413657909,0.1399058326272593,-0.2604938802983518,-0.0703216257292369,-0.0883390127147396,-0.0741176605570115
EGLD,-0.1077077768906747,0.5690932973980419,0.4277228230990668,0.8979928888601703,0.0107995874423943,-0.0053872460498679,-0.0456472900628914
ELF,-0.1431111842887634,0.3081713704544748,-0.1309807466403241,-0.1555743238462592,-0.100077896926724,-0.0949369627882746,-0.1023397079544874
ELG,-0.14244532305374,0.5318187364061038,-0.0463286906192043,0.1198395118404838,-0.1045134367939866,-0.0927581035092112,-0.1044996145856802
ELON,-0.1431807515335486,1.2400353952529286,0.8171222807962181,0.0192916035738947,-0.1007929592394205,-0.0884111631966157,-0.1018299224532794
ENJ,-0.1428752323761501,0.3081713704544748,0.4446532343032908,0.0979812709129646,-0.0562551957157348,-0.0645642147347728,-0.0637510550735331
ENS,-0.140114647133263,1.1282117122771145,0.3261403558737229,-0.0331681746521511,-0.0905226220494797,-0.0901921385980154,-0.0573496160802895
EOS,-0.1427312018417386,0.3454459314464129,0.1399058326272593,0.1067245672839723,0.0176918407901137,-0.0456644582988845,-0.0220092173112822
EPS,-0.1431448040706882,0.1590731264867184,0.2076274774441551,0.0804946781709491,-0.1018045576335523,-0.0960754564783138,-0.102715657666464
ERG,-0.1424693281428086,-0.139123361448783,-0.3341456810910118,0.2553606055911031,-0.1044193806772328,-0.0943476323812351,-0.1042253525110219
EROWAN,-0.1431608693770251,0.60636785838998,-0.808197194809283,-0.2036624538868016,-0.103369607281543,-0.0969252582064532,-0.1038130358161334
ETC,-0.1373038694314142,0.6809169803738527,0.1229754214230353,-0.0593980637651742,0.0096411792391033,-0.0047930665423162,-0.0123771795734162
ETH,0.4557265800421793,0.5318187364061038,0.1737666550357073,0.1810425864375379,7.053619907835295,8.504978967334875,4.83952692990794
ETH2X-FLI,-0.1287427817572275,1.4636827612045578,0.6139573463455305,0.4171115884547462,-0.1039121944746838,-0.0969726691407642,-0.1043488599756137
ETN,-0.1431796416388566,0.2708968094625367,0.0383233654019155,-0.1774325647737784,-0.1046979746746737,-0.0964223835973049,-0.1046933788710622
EURS,-0.1429407008008826,-0.139123361448783,-0.2664240362741159,-0.0419114710231593,-0.1030788439557127,-0.0951724988165651,-0.10273815205723
EURT,-0.1429407008008826,-0.2136724834326593,-0.2664240362741159,-0.0506547673941665,-0.095597807233539,-0.092820754481218,-0.0994273560140003
EVER,-0.1431389332988144,-0.7727908983117316,-0.5542410267459235,-0.098742897434709,-0.1047597550524088,-0.0918849163003137,-0.1047566658887138
EWT,-0.1421092518067798,0.1963476874786603,-0.5542410267459235,0.0804946781709491,-0.1039558363040728,-0.093372641837313,-0.1042986055391355
EXRD,-0.1431540883662276,0.4572696144222273,0.6647485799582024,-0.0856279528781974,-0.1038238922649044,-0.0860412411456494,-0.1039513862148751
FEG,-0.143180751690699,0.6809169803738527,-0.4018673259079077,0.11546786365498,-0.1045789028003331,-0.0943925412115608,-0.1043658802890754
FEG,-0.1431807516907592,0.2708968094625367,-0.2494936250698919,0.0018050108318797,-0.1043658802890754,-0.0948012664351108,-0.1046641613187389
FEG,-0.1431807516907189,0.5690932973980419,-0.791266783605059,-0.159945972031763,-0.1046641613187389,-0.0944804766457024,-0.1045459669931437
FEI,-0.1429625236091268,-0.3254961664084738,-0.4018673259079077,-0.0899996010637013,-0.1010452561348652,-0.0841187364353111,-0.1025842544380053
FET,-0.1431092053965119,0.4572696144222273,-0.2833544474783415,0.0018050108318797,-0.0969519791269539,-0.0928711449411657,-0.0981582023189508
FIDA,-0.1428294044788373,0.3827204924383511,-0.2833544474783415,-0.6014824387676527,-0.1031701641212354,-0.0965325677589165,-0.1020950617907113
FIL,-0.1394119527078008,0.2336222484705985,-0.232563213865668,-0.2823521212258706,-0.008923642850402,-0.0184903677119223,-0.0344291882662471
FLEX,-0.142314386204275,-0.2882216054165356,-0.3002848586825639,-0.1118578419912206,0.3759491631068527,-0.0905789647631736,0.3741063549632212
FLEXUSD,-0.1429603413283024,-0.3254961664084738,-0.4018673259079077,-0.0856279528781974,-0.1046970862517183,-0.095277862573991,-0.104648748575986
FLOKI,-0.1431807455069143,1.1282117122771145,0.3092099446694991,-0.2648655284838556,-0.1024128239675552,-0.0919965935125904,-0.1021093668139409
FLOW,-0.1419957732039102,0.2708968094625367,-0.0124678682107563,-0.3348118994519173,-0.0839352706754074,-0.0481803744757728,-0.0617433601965442
FLUX,-0.1428686855336769,0.2336222484705985,-0.0293982794149803,0.2772188465186228,-0.0991475919515655,-0.0900893109803644,-0.1007208715641432
FOX,-0.1431211343981824,0.1590731264867184,-0.3849369147036837,-0.1249727865477321,-0.1045468659278354,-0.0968290410282745,-0.1045187020864593
FRAX,-0.1429628745198833,-0.4373198493842882,-0.3849369147036837,-0.1031145456202128,-0.0981671648428168,-0.0233657041890059,-0.0989892420683011
FTM,-0.1429145134309896,1.2400353952529286,-0.0293982794149803,-0.4484747522750177,0.3204562843928522,-0.0179483612033144,0.1352827296504526
FTT,-0.1339344278385148,0.3827204924383511,0.0044625429934675,0.0936096227274607,-0.0717432536094246,0.0538658087483858,-0.081919674234973
FUN,-0.1431783657456459,0.0845240045028459,-0.4695889707248035,-0.1512026756607553,-0.1044527706639257,-0.0957289431019582,-0.10445724612628
FX,-0.1430740798408182,0.3454459314464129,-0.3172152698867878,-0.1249727865477321,-0.1040132865677689,-0.0927733203741632,-0.1037508835440417
FXS,-0.1392701044542137,-0.139123361448783,-0.5881018491543712,-0.0768846565071897,-0.103009551314874,-0.0716454504001936,-0.1036258098307391
GALA,-0.1431310434807218,0.60636785838998,0.3938620006906189,0.0586364372434298,0.0952374973660644,-0.0536699457995515,0.1122997950650732
GF,-0.1428446804446083,-0.1763979224407211,-0.2833544474783415,0.0761230299854448,-0.1021166420228916,-0.0970291913296968,-0.1032951356169642
GFARM2,0.3516841594572881,0.121798565494784,0.1568362438314833,0.054264789057926,-0.1047136918953061,-0.0966426258513321,-0.1047118755397656
GHST,-0.1427552069308072,-0.1018488004568485,-0.2664240362741159,-0.0287965264666472,-0.0945048530749634,-0.0956888691686466,-0.0942666455309169
GLM,-0.1430792001263165,0.2336222484705985,-0.0293982794149803,-0.4747046413880408,-0.0989968688767078,-0.0865583711744506,-0.1003812123531349
GLMR,-0.1426613688553573,0.4945441754141655,0.2414882998526031,-0.2604938802983518,-0.0912328380892614,-0.086236887649377,-0.0885319648846885
GMT,-0.1430641903988062,2.3582722250110733,9.299258294112423,12.727672878833612,0.2626792202391058,-0.0903956050742792,0.387669710312968
GMX,-0.1382095159735472,0.6809169803738527,0.2414882998526031,-0.3741567331214521,-0.1033613178712747,-0.0943332356104746,-0.1036133012269984
GNO,-0.0779676538155237,0.4199950534302893,0.0213929541976915,-0.1162294901767244,-0.1037168479917497,-0.0842227474673713,-0.1043298612808828
GPX,-0.1423449381358168,-0.139123361448783,-0.3680065034994597,-0.4178732149764906,-0.1046970434798257,-0.0949702781448905,-0.1047015972364919
GRT,-0.1430845532611788,-0.2509470444245975,0.2922795334652733,1.2739546328135027,0.0361143814539694,-0.026926489305466,-0.0267955102585753
GT,-0.1417579045940487,0.0845240045028459,0.1229754214230353,-0.1249727865477321,-0.1019727008303252,-0.0730044768320962,-0.1022987904771723
GTC,-0.1419433984641242,1.1282117122771145,0.6139573463455305,-0.1249727865477321,-0.1000328091898813,-0.0966621673131792,-0.1019170636599066
GUSD,-0.1429625236091268,-0.2509470444245975,-0.3849369147036837,-0.098742897434709,-0.1036090240377393,-0.089415719926046,-0.1038197386791655
GXC,-0.1428228576363641,0.4199950534302893,-0.5373106155416995,-0.1861758611447861,-0.1007144691917802,-0.0955610583871374,-0.1007588116827656
HBAR,-0.1431371043292554,0.0845240045028459,-0.5203802043374738,-0.2080341020723055,-0.0809986398862966,0.0044087557110179,-0.0863713913019501
HBTC,8.851585043889068,0.60636785838998,0.2584187110568271,0.1941575309940495,-0.1046932103208075,-0.0557019464857216,-0.1039668718148348
HEART,-0.1431710906307096,0.5690932973980419,1.0541480376553536,-2.494406103090824,-0.1040904760598954,-0.0643412271024034,-0.1044362737624377
HERO,-0.1431708972742482,0.4945441754141655,0.1737666550357073,-0.5665092532836219,-0.1017295357339485,-0.0926265159123788,-0.1019390165150155
HEZ,-0.1418517426694986,-0.0272996784729685,-0.3510760922952358,-0.0419114710231593,-0.1047237237164869,-0.0960877010245892,-0.1047373626109861
HIVE,-0.1429910837729602,0.1963476874786603,0.2922795334652733,-0.0550264155796704,-0.1002471195700744,-0.0902850244509547,-0.0947967835659983
HNS,-0.1431466480979848,0.3454459314464129,-1.316109530936002,-0.5752525496546296,-0.1046906208089375,-0.0968351597373864,-0.1046998620750527
HNT,-0.1384408377409353,-0.4373198493842882,0.4107924118948429,0.0105483072028874,-0.0966369735623401,-0.0413329855429804,-0.0969745528994527
HOO,-0.1428883260610966,-0.4373198493842882,0.4277228230990668,-0.1643176202172664,-0.101725868950343,-0.0958424726081876,-0.1015606465663709
HOT,-0.1431798464889721,0.6436424193819181,0.0552537766061394,0.0192916035738947,-0.0818539269490617,-0.0794593961817455,-0.0881515132497799
HT,-0.1412210635112422,0.0099748825189696,-0.2494936250698919,-0.2124057502578093,-0.093121985953778,-0.0621571229975925,-0.0941102566301857
HTR,-0.1430760901579137,1.575506444180372,0.3938620006906189,0.0061766590173835,-0.1035336559757845,-0.0959251370979273,-0.1028416107408804
HUNT,-0.1430127512028096,-0.1763979224407211,0.3430707670779469,-0.2430072875563363,-0.0783108759043289,-0.0965688223979248,-0.0668906526294589
HUSD,-0.1429627193597167,-0.3627707274004119,-0.3849369147036837,-0.1031145456202128,-0.0890904980193449,-0.0906034868920086,-0.0969721145391013
HXRO,-0.1431141098544366,-0.0645742394649067,-0.1648415690487738,-0.3741567331214521,-0.1047136850083064,-0.0952531222899482,-0.1047363076640038
HYDRA,-0.1412319749153643,-0.1763979224407211,-1.908673923083841,-0.1206011383622283,-0.1046007965722344,-0.0960505679781393,-0.1044416195240642
IBBTC,8.727347796555025,0.3454459314464129,-0.0124678682107563,0.1242111600259877,-0.1047609015892371,-0.093840042026639,-0.1047609015892371
IBEUR,-0.1429450653625314,-0.3627707274004119,-0.4695889707248035,-0.0637697119506781,-0.1047275524895737,-0.0953543987541062,-0.1047410773534824
ICHI,-0.1382291565009669,0.4945441754141655,0.4277228230990668,0.4783146630518003,-0.104432164398486,-0.0961603404487317,-0.1045220578676593
ICP,-0.1396323630710669,0.3827204924383511,-0.0801895130276522,-0.2561222321128479,-0.0474675055853934,-0.0080908905433894,-0.0543550583746118
ICX,-0.1430162947904123,0.60636785838998,-0.6219626715628193,0.8149315733355974,-0.0884291543039528,-0.0843180598301233,-0.0949082199325642
IDEX,-0.1431495850115184,0.121798565494784,-0.4357281483163556,-0.1818042129592823,-0.0964353196751435,-0.0963819299571475,-0.1004652493352863
ILV,-0.0297196070684945,0.4945441754141655,0.2414882998526031,0.0411498445014144,-0.1007485866631208,-0.0900309484915439,-0.1007845219398965
IMX,-0.142838133602135,1.2400353952529286,-0.19870239145722,0.1110962154694761,-0.0729986760770579,-0.0891660993935283,-0.0775801862644693
INJ,-0.1420175960121543,0.6436424193819181,0.0044625429934675,-0.0113099337246318,-0.0989530218872239,-0.092038337198603,-0.0953410830847375
ION,1.3960713872833423,-0.1018488004568485,-0.3849369147036837,-0.7282602361472647,-0.1047256850614937,-0.0948160332595992,-0.1046106424444246
IOST,-0.1431758265542713,0.5690932973980419,-0.215632802661444,-0.037539822837655,-0.0919508864600186,-0.0851561117408641,-0.0914626757538858
IOTX,-0.143164027014853,1.2027608342609906,-0.2833544474783415,0.4083682920837381,-0.071515028952614,-0.0799132181163361,-0.085255514671209
IQ,-0.1431787862988052,-0.1018488004568485,0.1229754214230353,-0.0069382855391279,-0.1035338480868275,-0.0964150811318479,-0.103731090307035
IRIS,-0.1431685910914239,0.4572696144222273,-0.5373106155416995,-0.221149046628817,-0.1024866170814312,-0.0969701892363202,-0.1036830552968138
JASMY,-0.1431761183359118,-0.1763979224407211,3.881526708760757,3.8882002477448094,0.0693201271320956,-0.0961612887689467,0.1336120269032374
JEWEL,-0.1422729228686111,1.1282117122771145,-0.1309807466403241,-0.4266165113474984,-0.1006152905971781,-0.0908097653452385,-0.0998571631506954
JOE,-0.1429879098637291,0.830015224341609,0.1906970662399313,-0.5271644196140867,-0.1017698522299254,-0.0945259174759356,-0.0873942086185189
JST,-0.1431700724464246,0.121798565494784,-0.3172152698867878,0.0411498445014144,-0.0775966034217507,-0.0894169264868963,-0.0879273428609237
JUNO,-0.1348117047299303,0.3081713704544748,1.2234521496975934,-0.2342639911853286,-0.1005967772546861,-0.0528082541128334,-0.1017483020830594
KAI,-0.1431735270217137,-0.1763979224407211,-0.19870239145722,0.2990770874461421,-0.1034451536805414,-0.0958659408374727,-0.1037144969875519
KAVA,-0.1424911509510528,0.4945441754141655,0.1906970662399313,0.0455214926869183,-0.0965143827936497,-0.0854930830494622,-0.0992159479604511
KCS,-0.1391631726938173,0.1590731264867184,-0.2494936250698919,-0.0156815819101357,-0.1016525158794977,-0.0622020855381828,-0.1015043235957762
KDA,-0.1418211907379568,0.5318187364061038,-0.2494936250698919,0.0324065481304067,-0.0834994776485917,-0.0708488975596669,-0.0871513389381801
KEEP,-0.1430476807896852,0.0845240045028459,-0.0801895130276522,-0.3916433258634676,-0.1039285224634434,-0.0900064521657303,-0.1040867835406596
KIRO,-0.1431531659161232,0.3454459314464129,-0.0801895130276522,-0.4266165113474984,-0.1047511222817109,-0.0956195242721626,-0.1047401691902111
KISHU,-0.1431807516912315,1.3518590782287432,1.1895913272891454,0.5395177376488542,-0.1021867389927951,-0.0948341480063773,-0.1026124770001154
KLAY,-0.1429407008008826,0.2336222484705985,-0.0124678682107563,-0.1555743238462592,-0.0840528516955597,-0.0189573731755185,-0.0902498954132706
KLV,-0.1431761388337596,0.6436424193819181,0.1737666550357073,0.1329544563969955,-0.103156536198814,-0.0958820438691847,-0.1035263372699939
KNC,-0.1425129737592969,0.5690932973980419,-0.2664240362741159,-0.0943712492492051,-0.0901589417086242,-0.0905214912818126,-0.0975424741020591
KNCL,-0.1425107914784725,0.5690932973980419,-0.0632591018234283,-0.1031145456202128,-0.0354202264290949,-0.0937946932035094,-0.0749683891509527
KOGE,-0.1267350833987641,-6.466105600944444e-17,0.0,0.0,0.0,-0.0948030384529973,0.0
KP3R,-0.0644811583206284,-0.1018488004568485,-0.0293982794149803,-0.0768846565071897,-0.0967086088704822,-0.095212541160245,-0.097831390624561
KSM,-0.1155007017146668,0.5690932973980419,0.2753491222610511,0.0630080854289337,-0.0808761625718637,-0.0689845418385322,-0.0793904598592597
KUB,-0.1414589321211037,-0.2136724834326593,-0.4018673259079077,-0.251750583927344,-0.103966938872463,-0.080391326901448,-0.1037189876738002
LAT,-0.1431708417197164,0.0472494435109077,-0.232563213865668,-0.3566701403794362,-0.1032432525863046,-0.0959227907852726,-0.1038200612807282
LDO,-0.1425304320058923,1.1654862732690483,1.03721762645113,2.1482842699142743,-0.1030673644147098,-0.0903058757646459,-0.1023885781040351
LEND,-0.1428839614994478,0.60636785838998,0.95256557043001,0.0630080854289337,-0.104760222215719,-0.0969468126722026,-0.1047577880419386
LEO,-0.1418779300393917,-0.1018488004568485,-0.232563213865668,0.1373261045824993,-0.104460621481058,0.047149323066851,-0.1043735922787936
LINK,-0.140036085023584,0.4945441754141655,0.6816789911624264,0.3427935693011807,0.1565541371670338,0.0773719494579186,0.0966158582146339
LN,-0.1149289441386696,0.9791134683093616,-0.0971199242318762,0.0018050108318797,-0.1043242483761645,-0.0787996365726653,-0.1040273407592215
LOOKS,-0.1428992374652187,2.842841517906269,2.5948154572397346,0.9067361852311784,-0.0871106650431685,-0.0907040860071298,-0.0855573102455383
LPT,-0.1379825587678078,0.7554661023577327,-0.0124678682107563,0.0018050108318797,-0.1006690621156377,-0.083262227105252,-0.1006860001475773
LRC,-0.143025656556921,0.7554661023577327,0.1906970662399313,-0.2473789357418402,-0.0640797066842516,-0.0755847264642351,-0.0712580630338772
LSK,-0.1427377486842118,0.1963476874786603,-0.3002848586825639,-0.0200532300956395,-0.1020072213723824,-0.0910603820164142,-0.1015205682155926
LTC,-0.1192978703491519,0.2336222484705985,-0.1817719802529961,0.2859621428896304,0.1619164899381565,0.1019095881970555,0.0913528743367879
LUNA,-0.1236471560322144,0.5318187364061038,-0.4865193819290275,0.0979812709129646,0.8599645776430928,0.7677953014140054,0.4590163752377267
LUSD,-0.1429625236091268,-0.3627707274004119,-0.4018673259079077,-0.1380877311042437,-0.1035938980116563,-0.0865513114309922,-0.1033888810937863
LYXE,-0.1403328752157046,0.2336222484705985,-0.1479111578445481,-0.1074861938057167,-0.1043462150052727,-0.0935488682927984,-0.1038782683894389
MAGIC,-0.1425740776223806,2.209173981043321,4.389439044887475,-0.0856279528781974,-0.1020688273966594,-0.09517885706504,-0.103099599197829
MAID,-0.1431163918654947,0.4945441754141655,-0.232563213865668,0.0936096227274607,-0.1047609784988995,-0.0952825472821654,-0.1047592500758457
MANA,-0.1426504574512352,0.4199950534302893,0.6986094023666504,-0.0419114710231593,0.0696938925777608,-0.0027027760681931,0.0349995429478078
MASK,-0.1422969279576797,0.830015224341609,0.7832614583877703,-0.0025666373536241,-0.0877775734542813,-0.0937923630144552,-0.0784146764006464
MATIC,-0.1428665032528524,0.7181915413657909,0.1737666550357073,-0.1031145456202128,0.1364492793747561,0.1605952499698034,0.107095483712125
MBOX,-0.1427355664033874,0.60636785838998,-0.808197194809283,0.1591843455100186,-0.0909626023720852,-0.0921868814047701,-0.0893227678822684
MC,-0.1427246549992653,0.5690932973980419,0.7494006359793223,0.054264789057926,-0.0953768824338884,-0.0949263776840129,-0.1014803597367682
MDX,-0.1431319050451913,0.3081713704544748,0.0891145990145857,0.1198395118404838,-0.1021252022009883,-0.0937031803290718,-0.1009668432941159
MED,-0.1431719965450366,0.0472494435109077,0.0213929541976915,0.0061766590173835,-0.1019621459596443,-0.0931197887201697,-0.1031058449815683
META,-0.1431639680181715,-0.1018488004568485,-1.0113621292599706,0.0979812709129646,-0.0928625925488999,-0.0953587700121225,-0.1011736660557899
METIS,-0.1112365249837566,0.60636785838998,-0.2494936250698919,-0.3085820103388942,-0.0906600289292687,-0.0872815176808523,-0.091609718996086
MFT,-0.143179102734407,0.0472494435109077,-1.316109530936002,0.1242111600259877,-0.0836834399210972,-0.0969143680952238,-0.0998840634088718
MIM,-0.1429630307711904,-0.3627707274004119,-0.3341456810910118,-0.0943712492492051,-0.0885807306418203,-0.0255408589853748,-0.0838630115500861
MIMATIC,-0.1429627221966818,-0.2882216054165356,-0.3002848586825639,-0.0943712492492051,-0.1005198407691784,-0.0916848602417308,-0.1026752124923357
MINA,-0.142785758862349,0.1963476874786603,1.3758258505356091,-0.1206011383622283,-0.0792581645831089,-0.078886251554945,-0.0566417155222863
MINE,-0.1431690647175005,0.0472494435109077,0.3769315894863949,0.3034487356316459,-0.104390032271916,-0.0960712456409163,-0.1046696372084115
MIOTA,-0.1430252999722343,0.3081713704544748,-0.215632802661444,-0.0506547673941665,-0.094993338536135,-0.0467848860600941,-0.0962246604921882
MIR,-0.1428075816705932,0.2336222484705985,-1.1806662413022102,0.4651997184952887,-0.0651612345854532,-0.0922742951233888,-0.0866438899422233
MKR,0.2894738799956407,0.7181915413657909,0.8001918695919941,0.4608280703097848,-0.0711072236049727,-0.0521540986516966,-0.0696093098795078
MLK,-0.1430033802707215,0.0845240045028459,0.0891145990145857,0.0192916035738947,-0.1023076225105185,-0.0940525758844974,-0.1013315675591294
MLN,-0.1314117112054891,0.3827204924383511,-0.0632591018234283,0.0979812709129646,-0.102153271074264,-0.0967166008251288,-0.1029082623985884
MMF,-0.1429407008008826,0.1963476874786603,0.3261403558737229,1.3176711146685414,-0.0898093093971691,-0.0948178576989143,-0.0879799809242296
MNGO,-0.1431482784799888,0.4199950534302893,-0.215632802661444,-0.2167773984433132,-0.1045680717247187,-0.0947675732654488,-0.1045840408645489
MOVR,-0.1325203098642928,0.4199950534302893,-0.825127606013507,-0.3741567331214521,-0.0961761669527796,-0.0944619423959812,-0.097781220644447
MPL,-0.1376421229591988,-0.5491435323601027,-0.7235451387881632,0.5701192749473813,-0.1036721941358852,-0.0957588645590352,-0.1025822144362129
MSHARE,2.6861834359387187,0.121798565494784,0.1060450102188113,3.927545081414345,-0.1017520409989244,-0.0957256942359154,-0.1016485206947508
MSOL,-0.1238391967447631,0.5690932973980419,-0.1648415690487738,0.084866326356453,-0.0979975648643801,-0.0835646755494841,-0.0996408102313943
MTL,-0.1428490450062571,0.5318187364061038,0.0891145990145857,-0.1337160829187394,-0.1002337232683256,-0.0961947351659827,-0.1009926985407132
MULTI,-0.1411752356139295,0.1590731264867184,0.4277228230990668,-0.9555859417934652,-0.1042249875000402,-0.0943441341911972,-0.1044572399642277
MUSD,-0.1429626696037139,-0.3254961664084738,-0.3510760922952358,-0.1031145456202128,-0.1046870091213292,-0.0967957059445782,-0.1047258097524348
MX,-0.1427748474582269,0.2336222484705985,-0.1140503354361001,0.0236632517593985,-0.1046242710917933,-0.0939343924969447,-0.1046264491960524
MXC,-0.1431579907207979,-0.3627707274004119,0.1229754214230353,0.6619238868429623,-0.0970245568666276,-0.0920452772907422,-0.0964694259098004
NEAR,-0.1408653517368623,1.1654862732690483,0.1399058326272593,0.2947054392606382,0.0411155883001095,0.0823451845443137,0.0375607934710714
NEO,-0.1387878203920176,0.5318187364061038,0.0721841878103617,-0.1774325647737784,-0.0510163322855206,-0.0617675094222592,-0.0571908787126761
NEXO,-0.1427028321910212,0.1963476874786603,0.1229754214230353,0.3253069765591652,-0.1031007185165097,-0.0666181224490754,-0.1027945529596629
NFT,-0.1431807513590713,-0.2136724834326593,-0.3172152698867878,-0.3085820103388942,-0.0797503806232512,-0.0876918444014048,-0.0855915821306606
NKN,-0.1431387560976114,0.7554661023577327,0.918704748021562,0.176670938252034,-0.1014285267274745,-0.095513137205313,-0.1026335831167405
NMR,-0.1370419957324842,0.121798565494784,0.0552537766061394,-0.1031145456202128,-0.1028599645949594,-0.0944124702447833,-0.1033730511438438
NPXS,-0.1431806205382555,-0.3627707274004119,-0.6558234939712673,-0.6626855133647068,-0.1047620810422989,-0.0950360836348897,-0.104760908871333
NRV,-0.1431769403548532,-0.3254961664084738,-0.8759188396261771,-0.4834479377590486,-0.1047486225654422,-0.0967299443013032,-0.1047525939066713
NSBT,-0.1352219735249207,0.1590731264867184,1.1218696824722496,1.4225906711206338,-0.1046296878982583,-0.0963539300229245,-0.1046865498671944
NU,-0.1430892327259506,-0.2136724834326593,-0.232563213865668,-0.5315360677995911,-0.1031957029283223,-0.0897558525387521,-0.1031498648709909
NXM,-0.1229924717848894,0.60636785838998,0.1906970662399313,0.1810425864375379,-0.1047613888154647,-0.0821055290811864,-0.1047542534343554
OCEAN,-0.1430783191395477,0.6809169803738527,0.4615836455075147,0.2203874201070726,-0.0967793862034568,-0.0934452447269024,-0.1000043434079413
OGN,-0.1430860156075593,-0.1018488004568485,-1.5531352877951377,2.5723341439081486,-0.0386184196655013,-0.0933785140105238,-0.0672388865175105
OHM,-0.1370441780133086,0.1590731264867184,-0.7235451387881632,-0.4790762895735447,-0.1034828023703364,-0.0884943756257439,-0.1015683465944582
OKB,-0.1390235067210546,0.121798565494784,0.2584187110568271,0.2116441237360649,-0.0393724667459257,0.0312878499293839,-0.0429623602625184
OKT,-0.1361385314711757,0.4945441754141655,-0.232563213865668,-0.3741567331214521,-0.1028903438753823,-0.0859254548614081,-0.1034917105231525
OMG,-0.1422838342727332,0.3454459314464129,-0.1309807466403241,0.2509889574055997,-0.0660898243352241,-0.0836554252752359,-0.077407940953218
OMI,-0.1431800082274464,0.3454459314464129,0.0552537766061394,-1.0605054982455575,-0.1035137039753121,-0.0467747704603488,-0.1034273823216438
ONE,-0.1431529396136017,0.5690932973980419,-0.1140503354361001,-0.1555743238462592,-0.0775242022067523,-0.0593224176202887,-0.0807203028826848
ONT,-0.1430716972266141,0.4199950534302893,0.0891145990145857,-0.1512026756607553,-0.0935888618224024,-0.0873658726498789,-0.0951549593817615
ORBS,-0.1431649967620968,-0.139123361448783,-0.0632591018234283,-0.0025666373536241,-0.0945387117401065,-0.0932992528104133,-0.1028361736358901
ORN,-0.142497697793526,2.0973502980675063,0.7663310471835463,-0.0069382855391279,-0.1009156997097349,-0.0959179554148085,-0.1012623532126027
OSMO,-0.1411315899974412,0.1590731264867184,-0.0971199242318762,-0.1074861938057167,-0.0706740914973393,-0.0188072030633745,-0.0824960204129987
OUSD,-0.1429639578040846,-0.3254961664084738,-0.4357281483163556,-0.098742897434709,-0.1044408075830523,-0.0948206053129924,-0.1046226468472959
OXT,-0.1431288581447042,0.4199950534302893,-0.4018673259079077,0.1854142346230418,-0.1003736196172528,-0.0950988290864609,-0.0986612584965491
OXY,-0.143109666294222,0.1963476874786603,-0.3849369147036837,0.2641039019621112,-0.1045936670776974,-0.0970449776497066,-0.1045341735499461
PAXG,0.2792608057373705,-0.1018488004568485,-0.3172152698867878,-0.3522984921939328,-0.0936165047891205,-0.0826863357586678,-0.0967735721258539
PCX,-0.1427944879856467,1.6500555661642484,2.5101634012186147,0.237874012849088,-0.1046007635871308,-0.0969723900157261,-0.1045722220481946
PEAK,-0.1431684415498173,-0.2136724834326593,-0.2833544474783415,-0.8681529780833881,-0.1047432396103928,-0.0967682008444431,-0.1047358221993982
PEOPLE,-0.1431675243826692,1.9109774931078156,1.325034616922937,0.2247590682925765,-0.0526824464785976,-0.0906951143676326,-0.0507659093789291
PERP,-0.142340573574168,0.3454459314464129,-0.19870239145722,-0.1424593792897476,-0.1017379614343152,-0.092172447573401,-0.1014165843076001
PLA,-0.1430066541284143,0.4199950534302893,0.2753491222610511,-0.159945972031763,-0.098367579795023,-0.0911749795993888,-0.0968239454536945
PLEX,-0.1430028460483757,0.121798565494784,0.0721841878103617,-0.1380877311042437,-0.0991881697910555,-0.0935417621775494,-0.0993583229043066
PLT,-0.1393377551597706,-0.2136724834326593,-0.3341456810910118,-0.037539822837655,-0.1044948636433397,-0.0947739923785428,-0.1045079601793667
PLTC,-0.1430410193774687,-0.40004528839235,-0.0801895130276522,0.4477131257532732,-0.1046604307397682,-0.0969444977650601,-0.1046911906175405
POKT,-0.1430281917125547,0.3454459314464129,-0.4526585595205796,-0.3435551958229251,-0.1044088319686042,-0.0835077558993331,-0.1043680877537014
POLS,-0.1428446804446083,0.7554661023577327,-0.6050322603585953,1.252096391885983,-0.0322193150026669,-0.0952224433392818,-0.0922708274660689
POLY,-0.1430967692327778,0.2708968094625367,-0.1648415690487738,-0.2604938802983518,-0.1003378514408371,-0.0897199627192196,-0.0988555411192735
POWR,-0.1430707913618439,0.0099748825189696,-0.3172152698867878,-0.2036624538868016,-0.0930863435557245,-0.093075389032641,-0.0934635655502688
PRCH,-0.1431806319411512,-0.7355163373197935,-0.791266783605059,-0.1337160829187394,-0.1047232035667761,-0.0944501952614655,-0.1047179190631992
PRE,-0.1431415029344852,0.4572696144222273,-1.1129445964853146,-0.1031145456202128,-0.1045450053505078,-0.0969308044882938,-0.1045060948898814
PRO,-0.1428948729035699,0.4199950534302893,-1.0621533628726427,-0.9293560526804416,-0.1042620529697066,-0.0967689438452039,-0.1043659469842299
PROM,-0.1414436561553327,0.2708968094625367,-0.2664240362741159,-0.037539822837655,-0.1043744662028024,-0.0953502835535951,-0.1044396110574808
PTP,-0.1421288923341996,1.314584517236805,-1.2314574749148823,-0.7719767180023033,-0.1037004453334149,-0.096367353696257,-0.1028595241894552
PUNDIX,-0.1430192443611746,0.1590731264867184,-0.0293982794149803,-0.129344434733236,-0.1032047970301291,-0.0937606204059098,-0.1032783465617014
PYR,-0.1412756205318527,0.6436424193819181,0.2584187110568271,-0.2954670657823826,-0.0907971378557042,-0.0933066901827985,-0.0974018462812739
QI,-0.1431699240470312,0.9791134683093616,-0.215632802661444,-0.2036624538868016,-0.1011912906128529,-0.0967472171488902,-0.101669890329731
QKC,-0.1431773402153155,-0.0272996784729685,-0.3002848586825639,-0.1861758611447861,-0.1039370141340173,-0.0960485500293157,-0.1039252949979212
QNT,-0.118612634170285,0.3081713704544748,-0.3510760922952358,-0.0462831192086627,-0.0961616451702978,-0.0591804215160194,-0.0970148063250117
QRDO,-0.1426242700813422,0.9418389073174236,1.8668077754581045,0.2859621428896304,-0.096128019575722,-0.09545918040484,-0.0986994295108968
QTUM,-0.1418822946010405,0.7181915413657909,-0.0124678682107563,0.054264789057926,-0.0761149223544713,-0.0826526794917977,-0.0824322395467256
RACA,-0.1431804590162805,0.6809169803738527,0.2922795334652733,0.3296786247446691,-0.0991291743021213,-0.0915841050459485,-0.0985468723192891
RAD,-0.1422140012863519,0.3081713704544748,-0.1309807466403241,-0.0113099337246318,-0.1029197049672774,-0.0939777202412206,-0.1019275438610123
RAI,-0.1425195206017702,-0.3254961664084738,-0.4187977371121317,-0.0899996010637013,-0.1043949477773009,-0.0967655584677639,-0.1043788974433695
RAIL,-0.1427923057048223,0.121798565494784,0.5462357015286329,-0.2823521212258706,-0.1045993539270437,-0.0960830153169094,-0.1045910681415121
RARE,-0.1430807755148437,0.3081713704544748,0.0891145990145857,0.0236632517593985,-0.0988097614202023,-0.0970319885771095,-0.1013554741472982
RAY,-0.1426329992046398,0.121798565494784,0.5462357015286329,0.0498931408724221,-0.0927910449593849,-0.0928006938026115,-0.0973027622922986
RDPX,-0.1210415127278608,1.7246046881481207,0.2753491222610511,0.3908816993417232,-0.1034940666019817,-0.0963931007978842,-0.1040478611184023
REEF,-0.1431789064587271,0.5318187364061038,0.0213929541976915,0.0455214926869183,-0.0968517025996174,-0.0947372919338174,-0.0992782666079555
REGEN,-0.1429924673390028,0.3081713704544748,0.2076274774441551,-0.0943712492492051,-0.104721052648042,-0.0959735245753296,-0.1046947740322028
REN,-0.1431068040146927,0.830015224341609,-0.19870239145722,-0.1555743238462592,-0.0898831974791455,-0.0899058351647227,-0.0882734733142914
RENBTC,8.70710714190856,0.2336222484705985,0.1737666550357073,0.1067245672839723,-0.099386917364398,-0.0829253207645058,-0.1010375350833053
REP,-0.1402499485443768,0.3454459314464129,-0.0632591018234283,-0.1686892684027707,-0.1018967709341881,-0.0963231483336228,-0.1026247710194458
REQ,-0.1431330898054509,0.3081713704544748,-0.4187977371121317,0.4302265330112578,-0.0979179029393776,-0.0943396078520253,-0.1005250904752834
RGT,-0.1399247887015387,0.4199950534302893,-0.825127606013507,-0.0156815819101357,-0.1045478739671007,-0.0943639724535466,-0.1047224688326551
RIF,-0.1431479849632179,0.2708968094625367,0.1399058326272593,-0.0725130083216863,-0.1043296481463672,-0.0955258892899161,-0.104687175496742
RLC,-0.142785758862349,0.3454459314464129,0.5631661127328587,0.2247590682925765,-0.1024241385830401,-0.095368067411476,-0.1032019255137468
RLY,-0.1431414536149385,0.60636785838998,-0.3849369147036837,-0.3566701403794362,-0.1035453120414628,-0.0865595493546078,-0.1022126747085463
RMRK,-0.1402019383662396,0.7554661023577327,0.3430707670779469,-0.0768846565071897,-0.1030426788706327,-0.0953974967436509,-0.1036300928195768
RNDR,-0.1426504574512352,0.5318187364061038,0.1906970662399313,-0.2386356393708325,-0.0961642056842745,-0.084039357977434,-0.0975342836471017
RON,-0.1427748474582269,0.4945441754141655,0.0891145990145857,-0.1206011383622283,-0.1039489525666814,-0.0915042193916798,-0.103915107313064
ROOK,-0.1195815668563261,-0.1763979224407211,-0.0293982794149803,-0.1074861938057167,-0.1046097203114182,-0.0964745547813573,-0.1045253980624917
ROSE,-0.1431310199120889,0.9791134683093616,0.7832614583877703,0.0149199553883912,-0.0808954149981607,-0.0778804478109978,-0.0879753492357252
RPL,-0.136627362375845,0.5318187364061038,0.2922795334652733,0.5526326822053659,-0.1045525574893393,-0.0861339681035308,-0.1041215987738073
RSR,-0.1431777387526641,0.1963476874786603,1.9006685978665523,0.4783146630518003,-0.0836802639268355,-0.0939775818623264,-0.0820687244938619
RUNE,-0.1416029626555152,1.1282117122771145,-1.400761586957122,3.2586829090322547,0.0031956590983875,-0.0418256548073183,-0.1040956402222152
RUNE,-0.1416204209021105,2.246448542035259,-1.5869961102035857,3.2280813717337278,-0.1040956402222152,-0.0957291978443247,0.0346245211684162
RUNE,-0.1414174687854397,-0.139123361448783,1.562060373782071,1.9253302124535767,0.0346245211684162,-0.034840457566424,-0.1038870177787893
RVN,-0.143169446568622,0.6436424193819181,0.3092099446694991,-0.0768846565071897,-0.0977336474256764,-0.0846103329147074,-0.0996671015338118
SAFEMOON,-0.1431807515810767,0.3827204924383511,0.0213929541976915,-0.0899996010637013,-0.1047608111448079,-0.0914679938961451,-0.1047617623699507
SAI,-0.1429625236091268,-6.466105600944444e-17,0.0,0.0,0.0,-0.0968642034182884,0.0
SAND,-0.1425086091976481,-0.0272996784729685,1.7313644858243125,0.2990770874461421,0.2537715107282607,-0.0070708765942579,0.2774397717366709
SAPP,-0.143057529859502,0.3827204924383511,-0.3849369147036837,-0.0419114710231593,-0.1046052140388022,-0.0863868911334475,-0.1046743954002254
SAVAX,-0.1271846332485939,0.9418389073174236,0.2076274774441551,-0.0899996010637013,-0.1046779835270453,-0.0959187360285362,-0.1043495287395275
SBTC,8.718919828011128,0.3827204924383511,0.0383233654019155,0.1329544563969955,-0.1043288887640369,-0.0944996174636955,-0.1038256607739209
SC,-0.1431788137614843,0.3081713704544748,-0.0293982794149803,-0.1206011383622283,-0.1003054238217276,-0.0870192158707993,-0.1017066632831489
SCRT,-0.1421747202315123,0.2708968094625367,-0.2664240362741159,0.0149199553883912,-0.0975590507477536,-0.0786861662476774,-0.1018869634842065
SETH,0.4531209367378258,0.5690932973980419,0.1737666550357073,0.1810425864375379,-0.1029318090504068,-0.0962736604270633,-0.1035739264376058
SETH2,0.4548667613973591,0.6436424193819181,0.1906970662399313,0.1941575309940495,-0.1047549407677951,-0.095754966224896,-0.104414762400254
SFM,-0.1431805272681577,1.053662590293238,-0.9775013068515228,-0.4878195859445524,-0.1046145926824369,-0.0838808348407354,-0.1046496069136272
SFP,-0.1430207857061209,0.6436424193819181,-0.0124678682107563,-0.2736088248548634,-0.0994003379518824,-0.0967034320256767,-0.1016197145500384
SFUND,-0.142235824094596,0.2336222484705985,0.1568362438314833,-0.8069499034863341,-0.1035141824405512,-0.096083163769766,-0.1036446671607402
SGB,-0.1431670470360451,0.4572696144222273,-0.3002848586825639,-0.702030347034241,-0.103808945663286,-0.0859722767977001,-0.1043481585890699
SHIB,-0.1431807467992986,0.5318187364061038,0.0721841878103617,-0.1949191575157939,0.0932735472609857,0.2217533866260883,0.0532402610212086
SHR,-0.1431791827673388,0.121798565494784,-1.1806662413022102,-0.7064019952197454,-0.1046816709716497,-0.0969481114242759,-0.1046672314706901
SKL,-0.1431531785733519,0.121798565494784,0.3261403558737229,0.3865100511562188,-0.1006721761269025,-0.088051604749057,-0.1016959815466849
SLP,-0.1431771405507988,0.3454459314464129,-0.0971199242318762,-0.4353598077185061,-0.0687535273152413,-0.0826111944672649,-0.0187503169852905
SNT,-0.1431683683111698,0.0845240045028459,-0.2833544474783415,-0.251750583927344,-0.1019752530074077,-0.0929947924143901,-0.1015964357662592
SNX,-0.1422554646220158,1.6127810051723102,0.935635159225786,0.2641039019621112,-0.0817995138522132,-0.0749972491402316,-0.0685363889155059
SOL,-0.1244982455537369,0.5318187364061038,-0.1648415690487738,0.0761230299854448,0.5390517963679493,0.6254954073905188,0.5919082580320898
SOUL,-0.1429450653625314,0.6809169803738527,1.7990861306412085,-0.2080341020723055,-0.1037608019109651,-0.095826921277161,-0.1036980421330092
SOV,-0.1424322293687935,-0.139123361448783,-0.5203802043374738,-0.4135015667909867,-0.1046146394415398,-0.0968652131291779,-0.104496743069298
SPA,-0.1431444042768412,-0.0645742394649067,-0.6896843163797152,-0.1949191575157939,-0.1045938664382138,-0.095362064539781,-0.1044316003894617
SPELL,-0.1431799774397547,0.1963476874786603,-0.2494936250698919,-0.3610417885649405,-0.0948718279389693,-0.0904331544673392,-0.0877154059582957
SRM,-0.1427726651774025,0.3827204924383511,0.0383233654019155,0.0455214926869183,-0.0901161810527173,-0.0922573201810205,-0.094274073341281
STARL,-0.14318074854978,1.314584517236805,-0.0293982794149803,-0.1206011383622283,-0.0997353411886506,-0.0949908165081762,-0.10258010121474
STARS,-0.1430930469163756,0.1590731264867184,-0.4865193819290275,-0.6495705688081952,-0.1041362510468089,-0.0908748424325165,-0.1042464807385406
STEEM,-0.1431118954940841,0.121798565494784,-0.232563213865668,-0.0637697119506781,-0.1025803089121507,-0.0955000191439121,-0.1032153337771266
STETH,0.4559229853163769,0.60636785838998,0.1906970662399313,0.1897858828085456,-0.0973940668714537,0.0846137934913576,-0.1022292067699798
STMX,-0.1431776982738459,0.5690932973980419,-0.0293982794149803,-0.0899996010637013,-0.1039223770849097,-0.09538710848935,-0.104093512139322
STORJ,-0.1429537944858291,0.4945441754141655,0.3092099446694991,0.3602801620431961,-0.0941109946265697,-0.0948821276066628,-0.09649790945295
STPT,-0.1431620133651919,-0.1018488004568485,-0.3002848586825639,-0.2823521212258706,-0.10050251525289,-0.0954749366870819,-0.1021166431103126
STRAX,-0.1429775217705487,0.1963476874786603,0.0383233654019155,-0.1643176202172664,-0.1036045275519123,-0.0954698013071772,-0.0995387695447253
STRK,-0.134898995962907,-0.1018488004568485,-0.1648415690487738,-0.2386356393708325,-0.1012382334899183,-0.0956538701451623,-0.0791751004802771
STSOL,-0.1239963209641211,0.5318187364061038,-0.1817719802529961,0.0717513817999414,-0.103085800550311,-0.0926393899366423,-0.1032010160673188
STX,-0.1429057843076919,0.3081713704544748,0.0383233654019155,0.6968970723269932,-0.0886790759094642,-0.0641212104998747,-0.0959135743553251
SUN,-0.1431782203393185,0.0845240045028459,-0.1817719802529961,-0.0156815819101357,-0.0920292398550867,-0.0955714610290557,-0.0975010371999806
SUPER,-0.1430484692477471,0.5690932973980419,-0.19870239145722,-0.0025666373536241,-0.0990114051581363,-0.0942192096393853,-0.0997542119301773
SURE,-0.1431794445156146,0.5690932973980419,1.6467124298031923,0.609464108616916,-0.1043165313118149,-0.0946487904639787,-0.1043416539991332
SUSD,-0.1429634233635107,-0.40004528839235,-0.3849369147036837,-0.1118578419912206,-0.1016989864533762,-0.096260785561111,-0.1013392795488477
SUSHI,-0.1424998800743504,0.9791134683093616,0.7663310471835463,0.2553606055911031,-0.0568419916470784,-0.0829078908104496,-0.0544848913671493
SWP,-0.142785758862349,-0.6982417763278552,-0.6219626715628193,-0.0156815819101357,-0.1040913420094835,-0.0959345099862422,-0.1040438162747632
SXP,-0.1428883260610966,0.4572696144222273,0.5970269351413064,0.0630080854289337,-0.078705469811791,-0.0919680699164392,-0.0799774457268042
SYN,-0.14270719675267,0.0845240045028459,-1.7224393998373773,-0.1031145456202128,-0.101416636503808,-0.0887570180041151,-0.1015775588626801
SYS,-0.1430785491519466,0.4945441754141655,-0.9267100732388508,-0.4266165113474984,-0.1001683703537629,-0.0909807917159951,-0.100534103382989
TEL,-0.1431796824771545,-0.0645742394649067,0.0552537766061394,-0.1512026756607553,-0.1037315470238542,-0.0908382252097682,-0.1039683249717619
TEMPLE,-0.1430352596836888,0.4199950534302893,-0.4526585595205796,-0.2124057502578093,-0.1042209354069278,-0.0968812149215126,-0.1044512787223163
TFUEL,-0.1431452935562772,0.5318187364061038,-0.2833544474783415,0.176670938252034,-0.0989242951242444,-0.0491631884115917,-0.0992092208116834
THETA,-0.1425653484990829,0.830015224341609,0.1568362438314833,-0.1206011383622283,-0.0616873431537236,-0.0251611266257674,-0.0675073247277769
TIME,-0.1002269182245742,0.2708968094625367,-0.215632802661444,-0.4747046413880408,-0.1042244843865918,-0.0940413863424884,-0.1046550668544585
TIME,-0.1173949214702605,0.4945441754141655,0.2076274774441551,-0.7457468288892801,-0.1046550668544585,-0.096585686421495,-0.1043478066271402
TIME,-0.099340912209861,-0.2882216054165356,-0.0463286906192043,-0.3391835476374212,-0.1043478066271402,-0.0940019871542391,-0.1047073533183084
TITAN,-0.1429341539584094,-0.3627707274004119,-0.4357281483163556,-0.4178732149764906,-0.1047531264348577,-0.0958157526458574,-0.104753215831738
TLM,-0.1431596826692135,0.9791134683093616,0.2584187110568271,-0.1118578419912206,-0.0886740792099781,-0.0956417259965753,-0.0853577510936576
TLOS,-0.1430019881937836,0.3827204924383511,0.4785140567117387,-0.5227927714285834,-0.103167742072199,-0.0931965102822363,-0.1033889807740445
TOKE,-0.1376552166441453,0.7554661023577327,0.884843925613114,-0.1206011383622283,-0.102542335445951,-0.0910717912654947,-0.1025572142649938
TOMB,-0.1429232425542873,0.7927406633496709,-0.232563213865668,-0.3391835476374212,-0.0996364228501407,-0.0908721799079124,-0.1008342805123996
TOMO,-0.1429254248351117,0.3827204924383511,0.3769315894863949,0.0673797336144376,-0.1028768431812177,-0.0960619897999458,-0.104026101824231
TON,-0.1424016774372517,0.0099748825189696,0.0213929541976915,-0.2080341020723055,-0.1039587966265032,-0.0948557034453293,-0.1036109795831675
TORN,-0.132725444261788,0.4945441754141655,-0.3002848586825639,-0.4135015667909867,-0.1011024410678377,-0.0958300522278678,-0.1021249158467922
TRAC,-0.1430933450159362,0.2336222484705985,-0.2494936250698919,-0.2867237694113749,-0.1038989765099787,-0.0949256821071536,-0.1041669217560593
TRIBE,-0.1430622119430108,0.0472494435109077,-0.232563213865668,0.0236632517593985,-0.1018559665486567,-0.0922903464701498,-0.1018332068271673
TRU,-0.1431414344108673,0.5690932973980419,-0.5373106155416995,0.1985291791795533,-0.1012617366448968,-0.0957310096583083,-0.0996504027344919
TRX,-0.1431674939261954,0.0472494435109077,-0.3172152698867878,-0.0899996010637013,0.1157325667591819,0.0627034658337119,0.0517651287656532
TSHARE,0.49414781623686,1.2400353952529286,0.901774336817338,-1.637563058732067,-0.1009161024179779,-0.095785792471097,-0.0993040424728199
TUSD,-0.1429625236091268,-0.3627707274004119,-0.3849369147036837,-0.098742897434709,-0.0631274513912998,-0.0618281984177456,-0.069713481911333
TWT,-0.1430233498860896,0.60636785838998,-1.8240218670627213,0.1810425864375379,-0.0884283514247826,-0.0922462177801019,-0.095143872399739
UBT,-0.1429232425542873,0.4572696144222273,2.5778850460355107,2.755943367699311,-0.1037197441563412,-0.0941084367690854,-0.1042134184280418
UFO,-0.1431807500483005,0.7554661023577327,0.1568362438314833,-0.1424593792897476,-0.1029140558151924,-0.0937370569079771,-0.1027582254863805
UMA,-0.1414916663334699,0.3081713704544748,-0.0971199242318762,-0.1730609165882746,-0.0880637819360244,-0.0855317915268654,-0.0821055046967531
UNI,-0.1412057875454713,0.830015224341609,0.2753491222610511,0.0061766590173835,-0.0364394215463192,0.009151315232433,-0.0472924873505971
UOS,-0.1429297893967605,0.0099748825189696,0.0044625429934675,-0.2648655284838556,-0.1015083637272577,-0.090664429156906,-0.1032414500047635
USDC,-0.1429625511058652,-0.40004528839235,-0.4018673259079077,-0.1031145456202128,1.2988351305742698,1.2748121569796669,1.1892023880237417
USDN,-0.1429625236091268,-0.2509470444245975,-0.4187977371121317,-0.0725130083216863,-0.0992091939886321,-0.0806798038118672,-0.1025627129905073
USDP,-0.1429627363815072,-0.4373198493842882,-0.3849369147036837,-0.1074861938057167,-0.0838692986558232,-0.0726093444350184,-0.0787766643519553
USDT,-0.1429625236091268,-0.40004528839235,-0.4187977371121317,-0.1031145456202128,20.89513855112647,2.004530483490125,15.891709739238816
USDX,-0.1429692827875242,-0.0645742394649067,-0.1479111578445481,-0.098742897434709,-0.1044443598249793,-0.0949139860789279,-0.1045324575996111
UST,-0.1429625236091268,-0.40004528839235,-0.3510760922952358,-0.098742897434709,0.1642691553527818,0.2964364456188846,0.100712805993361
UTK,-0.1431298248951094,0.3081713704544748,-0.5881018491543712,-0.1337160829187394,-0.1025498937468348,-0.0959561829459886,-0.1017893779613666
VADER,-0.1431776132358323,-1.816478606086,-2.027186801513409,-1.576359984135013,-0.1042253010397614,-0.0968557874774983,-0.1035237702314911
VERI,-0.126750359364535,0.9045643463254854,8.097199098612524,1.6455447285813307,-0.1047155698713697,-0.0945324888557885,-0.1047397762107613
VET,-0.1431703099023735,0.6809169803738527,0.1568362438314833,0.0192916035738947,-0.0020012313311961,-0.0153245949729822,-0.022833020636364
VLX,-0.1431342355028837,-0.3627707274004119,-0.3341456810910118,-0.2648655284838556,-0.1032741146816507,-0.0860681961758712,-0.1035240294001623
VR,-0.1431492227529015,1.5382318831884338,-0.4526585595205796,0.0367781963159105,-0.1021999794308675,-0.0956898221444526,-0.1011222828763158
VRA,-0.1431761719820192,1.4264082002126195,0.5462357015286329,-0.0637697119506781,-0.0834114777418497,-0.0963485401899839,-0.0845695031729495
VTHO,-0.1431800434993934,0.4199950534302893,-0.4695889707248035,0.1679276418810263,-0.1028405109957777,-0.0949061495882496,-0.1028478460128833
VVS,-0.1431807468204534,0.3081713704544748,-0.0293982794149803,-0.4834479377590486,-0.1033667531638967,-0.0925829580451329,-0.1037547837606881
WAN,-0.1430774204763042,0.3081713704544748,-0.232563213865668,-0.2080341020723055,-0.1021159036640339,-0.0963784705900041,-0.1027028851818944
WAVES,-0.1369350639720878,0.1590731264867184,0.969495981634234,1.0903454090223406,0.4418802405655285,-0.023491494391414,0.1594502183896005
WAXP,-0.1431209377746801,0.4199950534302893,-0.0632591018234283,-0.1031145456202128,-0.0950342937107114,-0.0825929366860016,-0.0973384210016671
WBTC,8.76498559393374,0.3827204924383511,0.1060450102188113,0.1373261045824993,0.0558302756422393,0.1925976629820957,-0.0115838059125968
WCFG,-0.1430746878242559,-0.2136724834326593,-0.0463286906192043,-0.1380877311042437,-0.1041450638690509,-0.0962226294945679,-0.1041358149909887
WILD,-0.1429254248351117,2.060075737075568,-0.4357281483163556,-0.658313865179203,-0.1030454224338108,-0.0962202788419555,-0.1032663515831455
WIN,-0.1431806935700867,0.0472494435109077,-0.0632591018234283,-0.1424593792897476,-0.0589659988863885,-0.0920635841266792,-0.0762570975753368
WMT,-0.1430375107063592,-0.2882216054165356,-0.3172152698867878,-0.1249727865477321,-0.1043213163266801,-0.0947490482216985,-0.1043775091692287
WNXM,-0.1373649732944979,0.6436424193819181,0.0044625429934675,-0.0812563046926935,-0.1033251814216144,-0.0969088651866576,-0.1041894197715619
WOO,-0.1430732621401933,0.3454459314464129,1.0710784488595777,0.4389698293822655,-0.0828904997787824,-0.0864875208123921,-0.0867107627088675
WRX,-0.1430589535795118,0.0845240045028459,-0.4357281483163556,-0.4222448631619945,-0.1021986734382489,-0.0920883360102453,-0.1024554204228914
XAUT,0.2823901964395841,-0.2509470444245975,-0.4357281483163556,-0.2954670657823826,-0.1034246064983094,-0.0861404646256888,-0.1037937982512567
XAVA,-0.1423558495399389,0.7181915413657909,0.1399058326272593,-0.1992908057012977,-0.1045048019463147,-0.0965552380409458,-0.1042821767826967
XCH,-0.1289631921204936,0.0845240045028459,-0.7574059611966111,-0.470332993202537,-0.1010459850694076,-0.0929515910286407,-0.1014699741412893
XCM,-0.1430477095957921,-0.1763979224407211,-1.333039942140226,-0.1774325647737784,-0.1047422536204007,-0.0939268261620586,-0.1047488708599034
XDB,-0.143095830197339,0.4945441754141655,3.2551014942044696,0.8105599251500935,-0.1033768901024407,-0.090963038500846,-0.1041938238266041
XDC,-0.1431697016183513,-0.4373198493842882,-0.774336372400835,0.320935328373661,-0.1011625025918238,-0.0825647092064805,-0.1013032116067103
XDG,-0.1431105629934127,0.0099748825189696,-0.1817719802529961,-0.0943712492492051,-0.1047180154811944,-0.0961746575220869,-0.1047085574558269
XEC,-0.1431807343872124,0.3454459314464129,-0.4865193819290275,0.5264027930923427,-0.0911888138501548,-0.0593876870071476,-0.0962045664020387
XEM,-0.1431593128325411,0.4199950534302893,0.3261403558737229,0.0586364372434298,-0.0971986903032052,-0.0756393928083404,-0.1001028155413683
XIDO,-0.1364462330674185,-1.369183874182742,-1.2314574749148823,3.2455679644757423,-0.1042313974843502,-0.0752698020093162,-0.1042220862608174
XLM,-0.1431399498052224,0.2708968094625367,0.0383233654019155,0.2422456610345919,-0.0114219157490364,0.0218055564357513,-0.0313577908555306
XMR,-0.1018614465620623,-0.2509470444245975,-0.215632802661444,-0.4222448631619945,-0.0135648285273452,-0.0089110729544171,-0.0459606206366945
XNO,-0.1427006499101968,-0.5864180933520409,4.474091100908595,1.260839688256991,-0.0649514123541928,-0.091080917354881,-0.0059397251967167
XPR,-0.1431783558897512,0.4572696144222273,-0.7404755499923872,-0.3960149740489714,-0.1029814277080748,-0.095954247982417,-0.1016129326677471
XPRT,-0.1424605990195109,0.0845240045028459,0.3600011782821709,0.0630080854289337,-0.1038268243143889,-0.0915797886818217,-0.1026942782446947
XRD,-0.1431541586356702,0.1963476874786603,0.6816789911624264,-0.1074861938057167,-0.1046837885428067,-0.0672557984068956,-0.1046816807584387
XRP,-0.1430094387187462,0.3454459314464129,-0.0801895130276522,0.2859621428896304,1.3180212499260715,0.8883888576550106,1.215710294917287
XSGD,-0.1430199699695487,-0.2136724834326593,-0.3341456810910118,-0.0768846565071897,-0.1032683397512036,-0.0940516664397825,-0.1039621603821239
XSUSHI,-0.1423514849782901,-0.2882216054165356,0.1568362438314833,0.1373261045824993,-0.1047231901552505,-0.0931563025467133,-0.1046693657156357
XTZ,-0.1425151560401213,0.4199950534302893,0.0213929541976915,-0.0462831192086627,-0.0631362917615404,-0.02865468153617,-0.0777369140780782
XVG,-0.1431787599106709,0.5318187364061038,0.0552537766061394,-0.3085820103388942,-0.1031024815884213,-0.0948319095877017,-0.1033161235671742
XVS,-0.1413214484291654,0.2708968094625367,-0.2833544474783415,-0.1512026756607553,-0.1019457831734128,-0.0960803015808042,-0.0990603923866781
XYO,-0.1431771842913098,-0.3254961664084738,-0.2494936250698919,-0.2430072875563363,-0.103105815983675,-0.0934490745423152,-0.102978499283327
YFI,3.999412385367141,0.2708968094625367,-0.1140503354361001,-0.1643176202172664,-0.0750844988904947,-0.0809317018752855,-0.0758384789132908
YFII,0.3045774455814288,0.4572696144222273,1.0541480376553536,0.3515368656721884,-0.0986455293142857,-0.0966281184248012,-0.1006560565605009
YGG,-0.1426504574512352,0.6436424193819181,-0.2494936250698919,-0.3522984921939328,-0.0984050392735643,-0.0931961094542629,-0.0929822066838449
YOSHI,-0.1428883260610966,1.053662590293238,1.8837381866623284,0.9635676116427284,-0.1036335950401379,-0.0942052962084003,-0.1041555110850529
ZEC,-0.1106778610927059,0.3827204924383511,0.6986094023666504,0.2247590682925765,-0.0044200521770806,-0.051380529122513,0.024731254821501
ZEN,-0.1347287780586025,0.1963476874786603,0.6308877575497545,0.0105483072028874,-0.0942042851989409,-0.0864134201639411,-0.0954522874681571
ZIL,-0.1431718025654912,0.8672897853335473,0.1399058326272593,0.1023529190984684,-0.0910006650068068,-0.0837479376813895,-0.0938271483857081
ZMT,-0.1425718953415562,-0.4373198493842882,-0.3341456810910118,-0.1249727865477321,-0.0996125409101813,-0.0922836558072167,-0.0995034062513946
ZNN,-0.1420132314505055,0.0472494435109077,0.0213929541976915,-0.1861758611447861,-0.1047466150485397,-0.09200865993648,-0.1047482596024367
ZPAY,-0.14311319220535,1.0163880293012997,0.4277228230990668,1.295812873741022,-0.1046895275883608,-0.0964159856842468,-0.1045515817102304
ZRX,-0.1430695009791924,0.5690932973980419,0.1906970662399313,0.0192916035738947,-0.0941382308978345,-0.0875190872818142,-0.0959814073147107
